"GeoFIPS","GeoName","Region","Table","LineCode","IndustryClassification","Description","1969","1970","1971","1972","1973","1974","1975","1976","1977","1978","1979","1980","1981","1982","1983","1984","1985","1986","1987","1988","1989","1990","1991","1992","1993","1994","1995","1996","1997","1998","1999","2000","2001","2002","2003","2004","2005","2006","2007","2008","2009","2010","2011","2012","2013","2014","2015","2016"
"45000","South Carolina state total","5","CA1","1","...","Personal income (thousands of dollars)",7594623,8363608,9161152,10282871,11649849,13187997,14352868,16031619,17515221,19786882,22172253,24830814,27941168,29708074,32286069,35967206,38533651,41172834,44131715,47967404,52225817,56081923,58482729,62318342,65498742,69488391,73582134,78254085,83268712,89221438,93658381,100288596,103768987,106587924,110293923,117121439,123655488,133248360,142015184,148898634,145201638,149093360,157952965,166397814,168267898,178719703,189836135,196049325
"45000","South Carolina state total","5","CA1","2","...","Population (persons) 1/",2570000,2598210,2661836,2718404,2775442,2843199,2900158,2941407,2988979,3041068,3086885,3134502,3179255,3207611,3234068,3271864,3303211,3342759,3380507,3412097,3456777,3501155,3570404,3620464,3663314,3705397,3748582,3796200,3859696,3919235,3974682,4024223,4064995,4107795,4150297,4210921,4270150,4357847,4444110,4528996,4589872,4635943,4672637,4720760,4767894,4828430,4894834,4961119
"45000","South Carolina state total","5","CA1","3","...","Per capita personal income (dollars) 2/",2955,3219,3442,3783,4197,4638,4949,5450,5860,6507,7183,7922,8789,9262,9983,10993,11666,12317,13055,14058,15108,16018,16380,17213,17880,18753,19629,20614,21574,22765,23564,24921,25527,25948,26575,27814,28958,30577,31956,32877,31635,32160,33804,35248,35292,37014,38783,39517
"45001","Abbeville, SC","5","CA1","1","...","Personal income (thousands of dollars)",54512,57641,63012,70142,80621,86719,90193,102547,111596,123948,136274,149953,167618,175298,191814,208227,221431,232527,249350,265848,287480,304264,321978,354365,369096,395963,424065,450513,492437,527433,567171,610484,614678,559080,520328,556901,575456,597515,611773,649983,655659,667491,690377,686987,698232,726885,761142,780346
"45001","Abbeville, SC","5","CA1","2","...","Population (persons) 1/",20596,21141,21506,21544,21623,21860,22061,22245,22637,22933,22873,22674,22790,22964,22923,22980,22963,22831,23015,23300,23643,23958,24157,24352,24487,24680,24941,25074,25308,25670,25921,26229,26330,26311,26306,26235,25995,25821,25745,25699,25614,25339,25104,25054,24964,24892,24971,24872
"45001","Abbeville, SC","5","CA1","3","...","Per capita personal income (dollars) 2/",2647,2727,2930,3256,3728,3967,4088,4610,4930,5405,5958,6613,7355,7634,8368,9061,9643,10185,10834,11410,12159,12700,13329,14552,15073,16044,17003,17967,19458,20547,21881,23275,23345,21249,19780,21227,22137,23141,23763,25292,25598,26342,27501,27420,27970,29202,30481,31374
"45003","Aiken, SC","5","CA1","1","...","Personal income (thousands of dollars)",320353,330348,357493,391951,435422,481920,516193,586566,647662,722805,803695,903166,1006762,1079964,1176845,1338318,1474137,1570437,1640863,1786793,2073851,2209477,2330894,2508104,2613194,2677219,2771324,2867711,3037861,3246812,3368422,3591899,3670350,3822781,3943292,4082928,4269028,4496803,4838121,5112645,5179190,5348431,5632632,5765766,5758985,6021329,6355544,6535813
"45003","Aiken, SC","5","CA1","2","...","Population (persons) 1/",91582,90919,91649,92470,95192,96120,97794,99450,100680,103220,104060,105957,106919,108220,108419,110440,112494,114539,115579,117042,118374,122046,126745,129898,132694,134214,135769,136477,138080,139358,141379,142742,143676,145226,146793,148746,150152,152577,154814,156896,158499,160554,161822,163284,164120,164758,166111,167458
"45003","Aiken, SC","5","CA1","3","...","Per capita personal income (dollars) 2/",3498,3633,3901,4239,4574,5014,5278,5898,6433,7003,7723,8524,9416,9979,10855,12118,13104,13711,14197,15266,17519,18104,18390,19308,19693,19947,20412,21012,22001,23298,23825,25164,25546,26323,26863,27449,28431,29472,31251,32586,32676,33312,34808,35311,35090,36547,38261,39030
"45005","Allendale, SC","5","CA1","1","...","Personal income (thousands of dollars)",20506,22393,24463,26756,29823,34931,36237,39221,42816,49182,56578,59777,70495,71347,74660,83632,88479,89221,94045,100881,110684,116268,126039,135169,138270,152812,158362,156713,167996,171923,174396,179014,185080,183394,186357,195993,209594,252520,248774,247281,255577,269416,270932,276544,265757,261591,265305,275935
"45005","Allendale, SC","5","CA1","2","...","Population (persons) 1/",9998,9802,10003,10190,10286,10315,10384,10514,10603,10553,10706,10660,10465,10641,10795,10959,11096,11226,11440,11559,11611,11747,12048,12001,11897,11825,11760,11675,11488,11389,11316,11193,11022,11114,11092,11049,11021,10882,10787,10803,10619,10344,10247,9988,9805,9689,9420,9045
"45005","Allendale, SC","5","CA1","3","...","Per capita personal income (dollars) 2/",2051,2285,2446,2626,2899,3386,3490,3730,4038,4660,5285,5608,6736,6705,6916,7631,7974,7948,8221,8727,9533,9898,10461,11263,11622,12923,13466,13423,14624,15096,15411,15993,16792,16501,16801,17739,19018,23205,23062,22890,24068,26046,26440,27688,27104,26999,28164,30507
"45007","Anderson, SC","5","CA1","1","...","Personal income (thousands of dollars)",312305,334802,369501,419567,479459,537467,577751,653507,730317,825131,929379,1036259,1150034,1216679,1331043,1471912,1563724,1656688,1786486,1959268,2125016,2260212,2344242,2485211,2630567,2800483,2980985,3177508,3403035,3623462,3814940,4073301,4151278,4195770,4309569,4475956,4642976,4908258,5254766,5565893,5484518,5680596,5955728,6089696,6237907,6585946,6917983,7105398
"45007","Anderson, SC","5","CA1","2","...","Population (persons) 1/",102780,105815,108978,110691,114236,117367,119786,120538,124331,127664,129878,133925,136250,136853,136941,137952,138975,139489,140781,142321,144236,145538,146440,148301,151014,152818,154937,157226,159623,161767,164029,166304,168881,170287,171862,173539,175467,178579,181543,184520,186544,187265,188537,189328,190591,192524,194532,196569
"45007","Anderson, SC","5","CA1","3","...","Per capita personal income (dollars) 2/",3039,3164,3391,3790,4197,4579,4823,5422,5874,6463,7156,7738,8441,8890,9720,10670,11252,11877,12690,13767,14733,15530,16008,16758,17419,18326,19240,20210,21319,22399,23258,24493,24581,24639,25076,25792,26461,27485,28945,30164,29401,30335,31589,32165,32729,34208,35562,36147
"45009","Bamberg, SC","5","CA1","1","...","Personal income (thousands of dollars)",33578,37480,41431,44920,52573,58131,61278,65817,71605,78770,89539,94141,106237,112084,120174,135917,140720,146709,155627,168189,181404,188428,197945,213685,218595,231799,242134,252283,265565,278467,286690,293103,297705,307047,316034,341394,353032,374439,391978,413937,413872,425004,443143,438628,427391,448498,440771,454045
"45009","Bamberg, SC","5","CA1","2","...","Population (persons) 1/",16197,15813,15588,16051,16623,16929,17450,17701,17938,17872,18082,18117,18058,17965,17885,18054,17846,17658,17393,17149,17158,16883,17022,17040,17008,16944,17012,16967,16895,16801,16674,16680,16580,16548,16342,16322,16360,16392,16226,16104,16022,15971,15826,15708,15392,15120,14631,14434
"45009","Bamberg, SC","5","CA1","3","...","Per capita personal income (dollars) 2/",2073,2370,2658,2799,3163,3434,3512,3718,3992,4407,4952,5196,5883,6239,6719,7528,7885,8308,8948,9808,10573,11161,11629,12540,12852,13680,14233,14869,15719,16574,17194,17572,17956,18555,19339,20916,21579,22843,24157,25704,25831,26611,28001,27924,27767,29663,30126,31457
"45011","Barnwell, SC","5","CA1","1","...","Personal income (thousands of dollars)",43527,47583,51806,57786,67355,95826,86385,85761,95701,109345,123386,131078,146765,154236,168715,191711,205212,214676,214123,242857,271279,286688,302893,352874,374679,401742,415248,420532,459168,524914,536196,518411,443831,448758,469964,489550,514089,527100,547510,583139,587962,584734,600498,587782,583444,595798,604435,611352
"45011","Barnwell, SC","5","CA1","2","...","Population (persons) 1/",17497,17173,17331,17793,18383,18985,19725,19294,19491,20072,20478,19880,19864,19731,19647,19770,19961,20160,20006,19973,20020,20419,20870,21428,21789,22158,22353,22588,23046,23266,23377,23478,23406,23177,23211,22980,22965,22886,22851,22761,22611,22610,22412,22295,22144,21959,21706,21483
"45011","Barnwell, SC","5","CA1","3","...","Per capita personal income (dollars) 2/",2488,2771,2989,3248,3664,5047,4379,4445,4910,5448,6025,6593,7388,7817,8587,9697,10281,10649,10703,12159,13550,14040,14513,16468,17196,18131,18577,18617,19924,22561,22937,22081,18962,19362,20247,21303,22386,23032,23960,25620,26003,25862,26794,26364,26348,27132,27846,28457
"45013","Beaufort, SC","5","CA1","1","...","Personal income (thousands of dollars)",211193,237826,237686,288291,320578,345141,380143,452676,491430,545102,613448,699463,848342,897120,947033,1099223,1210394,1324044,1401937,1509088,1659139,1837618,1911097,2112423,2249633,2484010,2666256,2927932,3249012,3585022,3832684,4104403,4342607,4470195,4740012,5274238,5739579,6438859,6888657,7096259,6834022,6604599,7064529,7472169,7680171,8349680,8973640,9171747
"45013","Beaufort, SC","5","CA1","2","...","Population (persons) 1/",52890,51307,53157,57192,56214,53706,62123,65097,62771,64244,65577,66106,68857,71141,72968,75588,77295,79190,81058,83096,84629,87222,90010,93241,97044,100901,104703,108882,112318,115995,117975,122306,125550,129290,130998,136331,141498,147213,151411,156399,159737,162924,163958,167460,171010,175178,179782,183149
"45013","Beaufort, SC","5","CA1","3","...","Per capita personal income (dollars) 2/",3993,4635,4471,5041,5703,6426,6119,6954,7829,8485,9355,10581,12320,12610,12979,14542,15659,16720,17295,18161,19605,21068,21232,22656,23182,24618,25465,26891,28927,30907,32487,33558,34589,34575,36184,38687,40563,43738,45496,45373,42783,40538,43087,44621,44911,47664,49914,50078
"45015","Berkeley, SC","5","CA1","1","...","Personal income (thousands of dollars)",149095,171856,196457,223662,257848,304521,353976,416474,470398,538890,625530,715565,810007,895018,998116,1127745,1207577,1318439,1434243,1574780,1744919,1897113,1974706,2049966,2101370,2128836,2106974,2109266,2291200,2491892,2723523,2998117,3139819,3326219,3481016,3711146,3978755,4408141,4776150,5090739,4914242,5266419,5771067,6028785,6189378,6632004,7080123,7522100
"45015","Berkeley, SC","5","CA1","2","...","Population (persons) 1/",54689,56375,58699,61013,63410,65712,72171,79113,81579,86631,91022,95729,99356,103027,105861,111473,114451,117802,122046,124600,126856,129373,132855,135130,136735,138141,134165,131130,133195,136631,141956,143410,145153,146733,148035,151789,153489,159501,164913,171099,175092,178941,183701,189560,193925,198248,202776,210898
"45015","Berkeley, SC","5","CA1","3","...","Per capita personal income (dollars) 2/",2726,3048,3347,3666,4066,4634,4905,5264,5766,6221,6872,7475,8153,8687,9429,10117,10551,11192,11752,12639,13755,14664,14864,15170,15368,15411,15704,16085,17202,18238,19186,20906,21631,22669,23515,24449,25922,27637,28962,29753,28067,29431,31416,31804,31916,33453,34916,35667
"45017","Calhoun, SC","5","CA1","1","...","Personal income (thousands of dollars)",25874,28804,32243,35789,42700,55312,60417,68443,64243,69993,82236,82392,95228,102987,105460,122959,130324,135769,148325,159450,173679,180775,190646,201087,206732,226232,240112,256035,278209,300975,313794,341817,358661,351571,374780,392121,410832,420077,438406,450089,450925,447200,468921,481995,487891,484437,506809,524299
"45017","Calhoun, SC","5","CA1","2","...","Population (persons) 1/",10198,10760,10760,10450,10621,10737,11416,11811,11862,11870,12005,12087,11574,11852,11766,11970,12169,12213,12106,12271,12633,12792,13003,13257,13462,13677,13824,14028,14387,14738,14961,15192,15301,15257,15309,15247,15212,15229,15260,15175,15268,15107,15166,14915,15053,14862,14802,14796
"45017","Calhoun, SC","5","CA1","3","...","Per capita personal income (dollars) 2/",2537,2677,2997,3425,4020,5152,5292,5795,5416,5897,6850,6817,8228,8689,8963,10272,10710,11117,12252,12994,13748,14132,14662,15168,15357,16541,17369,18252,19338,20422,20974,22500,23440,23043,24481,25718,27007,27584,28729,29660,29534,29602,30919,32316,32412,32596,34239,35435
"45019","Charleston, SC","5","CA1","1","...","Personal income (thousands of dollars)",877841,995134,1059065,1147817,1249151,1448067,1621733,1761514,1857935,2085383,2294039,2562041,2903566,3117127,3310728,3604549,3818012,4056723,4283700,4570238,4914922,5343393,5569695,5896246,6143147,6309299,6522268,6953626,7417057,8126955,8593651,9251029,9320563,9634073,9965623,10860677,11878069,12938629,13962087,14058623,13492494,14443311,15759512,17918930,17329505,18916263,20304174,21121645
"45019","Charleston, SC","5","CA1","2","...","Population (persons) 1/",247753,247546,251403,256385,259300,270561,271504,276331,275804,277852,278662,278197,283850,285827,288565,287130,283942,290227,292172,289588,294737,295631,304651,308223,306653,302806,300950,299718,305243,307174,309247,310749,313065,317379,321222,328105,331589,334826,337147,341921,346795,351055,357545,365097,372214,380280,389291,396484
"45019","Charleston, SC","5","CA1","3","...","Per capita personal income (dollars) 2/",3543,4020,4213,4477,4817,5352,5973,6375,6736,7505,8232,9209,10229,10906,11473,12554,13446,13978,14662,15782,16676,18075,18282,19130,20033,20836,21672,23201,24299,26457,27789,29770,29772,30355,31024,33101,35822,38643,41412,41117,38906,41143,44077,49080,46558,49743,52157,53272
"45021","Cherokee, SC","5","CA1","1","...","Personal income (thousands of dollars)",96415,105517,117968,134585,155796,166219,178703,202829,226090,255686,290830,315748,341389,349175,380461,425720,448880,475920,514202,557465,586921,608624,624539,666900,707437,760324,801580,836436,892275,963756,1010394,1085992,1109056,1102724,1137064,1207695,1238253,1277429,1378260,1487805,1482527,1493563,1532921,1507531,1527228,1582532,1664557,1700836
"45021","Cherokee, SC","5","CA1","2","...","Population (persons) 1/",36493,36957,37670,38231,38431,38944,39317,39219,40212,40418,41229,41068,41277,41368,41455,41709,42212,42568,43296,43985,44187,44657,45383,46030,46672,47477,48216,49185,50070,50894,51956,52649,53020,53407,53437,53642,53772,54166,54467,54981,55149,55532,55716,55860,56055,56314,56493,56646
"45021","Cherokee, SC","5","CA1","3","...","Per capita personal income (dollars) 2/",2642,2855,3132,3520,4054,4268,4545,5172,5622,6326,7054,7688,8271,8441,9178,10207,10634,11180,11876,12674,13283,13629,13762,14488,15158,16015,16625,17006,17821,18937,19447,20627,20918,20648,21279,22514,23028,23584,25304,27060,26882,26896,27513,26988,27245,28102,29465,30026
"45023","Chester, SC","5","CA1","1","...","Personal income (thousands of dollars)",74224,79191,85261,94422,105073,113512,121642,139932,151304,166985,187255,206539,233012,244920,268225,286859,297167,312109,328738,351949,385610,402774,415925,451686,464582,490505,518857,553642,584820,619065,650966,688204,711647,728796,734840,764544,793630,817833,813396,831357,820686,836979,870678,900083,903392,937969,982225,1000702
"45023","Chester, SC","5","CA1","2","...","Population (persons) 1/",29894,29836,30129,30182,30083,30385,30267,30250,30226,30377,30247,30336,30992,31122,30729,31107,31266,31656,31932,32053,32103,32204,32457,32438,32388,32492,32466,32759,33024,33457,33901,34159,34064,34083,33920,33633,33373,33222,33247,33454,33210,33123,32840,32659,32671,32379,32285,32181
"45023","Chester, SC","5","CA1","3","...","Per capita personal income (dollars) 2/",2483,2654,2830,3128,3493,3736,4019,4626,5006,5497,6191,6808,7518,7870,8729,9222,9504,9859,10295,10980,12012,12507,12815,13925,14344,15096,15982,16900,17709,18503,19202,20147,20891,21383,21664,22732,23781,24617,24465,24851,24712,25269,26513,27560,27651,28968,30424,31096
"45025","Chesterfield, SC","5","CA1","1","...","Personal income (thousands of dollars)",80080,91588,99810,110175,127666,135836,147433,159543,174002,201460,226773,248245,272111,286911,308518,350202,369499,400774,412949,447061,473790,509297,525092,572535,600068,638440,669036,702964,739547,775351,812672,852527,883712,902716,940058,967556,967981,1020588,1094800,1159047,1130079,1162278,1198941,1243598,1289292,1315880,1378710,1416411
"45025","Chesterfield, SC","5","CA1","2","...","Population (persons) 1/",34093,33679,34348,34622,35141,35527,36261,37289,37273,37686,37672,38210,38283,38233,38248,38429,38350,38465,38564,38574,38578,38667,39230,39255,39509,40026,40371,40785,41219,41722,42272,42911,43339,43834,44107,44348,44766,45103,45708,46319,46638,46619,46594,46096,46147,46124,46036,46013
"45025","Chesterfield, SC","5","CA1","3","...","Per capita personal income (dollars) 2/",2349,2719,2906,3182,3633,3823,4066,4279,4668,5346,6020,6497,7108,7504,8066,9113,9635,10419,10708,11590,12281,13171,13385,14585,15188,15951,16572,17236,17942,18584,19225,19867,20391,20594,21313,21817,21623,22628,23952,25023,24231,24931,25732,26978,27939,28529,29949,30783
"45027","Clarendon, SC","5","CA1","1","...","Personal income (thousands of dollars)",45677,52003,55166,61459,71037,88390,93856,101150,107664,124829,142053,146966,169188,181944,193460,219348,228925,231398,249790,268098,297486,317323,327487,364725,375877,416185,444353,482003,516387,534044,557595,597161,635349,625379,652434,704953,708305,731316,761625,798007,796139,806204,835066,877466,900113,906967,940177,952764
"45027","Clarendon, SC","5","CA1","2","...","Population (persons) 1/",25795,25653,25944,26276,26049,25947,26399,27325,27113,27543,28042,27533,27719,27834,27661,27542,27625,27598,27715,28158,28437,28511,28880,29051,29407,29822,30238,31291,31756,31907,32247,32528,32887,33094,33305,33622,33847,34094,34250,34875,34942,34944,34657,34265,34180,34082,33803,33951
"45027","Clarendon, SC","5","CA1","3","...","Per capita personal income (dollars) 2/",1771,2027,2126,2339,2727,3407,3555,3702,3971,4532,5066,5338,6104,6537,6994,7964,8287,8385,9013,9521,10461,11130,11340,12555,12782,13956,14695,15404,16261,16738,17291,18358,19319,18897,19590,20967,20927,21450,22237,22882,22785,23071,24095,25608,26334,26611,27813,28063
"45029","Colleton, SC","5","CA1","1","...","Personal income (thousands of dollars)",64352,69141,74805,85089,96922,108172,117533,130358,144540,163371,186368,202943,226060,236720,258796,290014,308910,324481,345975,378733,407927,443402,461806,494715,512211,536820,571883,600946,641838,670610,710257,749728,801197,811338,824168,872098,887938,949406,1006520,1076001,1056352,1076498,1109035,1124286,1144009,1191394,1255698,1303126
"45029","Colleton, SC","5","CA1","2","...","Population (persons) 1/",28294,27654,27717,27983,28590,28804,29502,30259,30622,30898,31559,31871,32151,32129,32494,33114,33475,33496,33614,33643,33905,34518,35184,35596,36132,36315,36708,36891,37253,37526,37891,38304,38339,38463,38543,38672,38728,38608,38765,39014,38864,38909,38482,38224,37781,37754,37740,37923
"45029","Colleton, SC","5","CA1","3","...","Per capita personal income (dollars) 2/",2274,2500,2699,3041,3390,3755,3984,4308,4720,5287,5905,6368,7031,7368,7964,8758,9228,9687,10293,11257,12031,12846,13125,13898,14176,14782,15579,16290,17229,17871,18745,19573,20898,21094,21383,22551,22928,24591,25965,27580,27181,27667,28820,29413,30280,31557,33272,34362
"45031","Darlington, SC","5","CA1","1","...","Personal income (thousands of dollars)",133258,147337,162682,180552,206448,232258,245908,272614,303060,341871,380094,419355,471388,491045,522568,583008,604264,632098,684993,751090,823129,868951,926972,990690,1026479,1090554,1144328,1235002,1299794,1377404,1432409,1524696,1599599,1607101,1646744,1711942,1771767,1877201,1921829,1981892,1926569,1982862,2058849,2105234,2185714,2212101,2302021,2345820
"45031","Darlington, SC","5","CA1","2","...","Population (persons) 1/",53590,53271,53538,53959,55702,58131,58939,59135,60566,61504,62746,62710,62478,62995,62572,62295,62152,62074,61684,61430,61833,62016,62771,63725,64572,64704,65223,65654,66180,66792,67029,67523,67863,68247,68382,68155,68185,68424,68489,68773,68705,68612,68246,68123,67855,67697,67534,67234
"45031","Darlington, SC","5","CA1","3","...","Per capita personal income (dollars) 2/",2487,2766,3039,3346,3706,3995,4172,4610,5004,5559,6058,6687,7545,7795,8351,9359,9722,10183,11105,12227,13312,14012,14768,15546,15897,16855,17545,18811,19640,20622,21370,22580,23571,23548,24082,25118,25985,27435,28060,28818,28041,28900,30168,30903,32212,32676,34087,34890
"45033","Dillon, SC","5","CA1","1","...","Personal income (thousands of dollars)",56239,61698,68856,75560,89046,99763,108517,116763,125709,146794,158093,168885,195789,203555,214387,238690,250230,257990,279211,295180,313987,329784,350244,377871,397452,430779,444267,482456,506886,518344,532739,560930,583240,590887,619405,648773,661869,676544,684504,734107,729322,733001,745085,758388,759905,763878,793351,825359
"45033","Dillon, SC","5","CA1","2","...","Population (persons) 1/",29394,28818,29043,28726,29357,29793,30412,30364,30301,30852,30858,31105,31094,31068,30802,30811,30793,30271,30318,29952,29608,29118,29261,29496,29742,30040,30142,30177,30309,30564,30682,30699,30995,31000,31093,31241,31239,31373,31433,31585,31817,32101,31776,31534,31416,31323,31235,30858
"45033","Dillon, SC","5","CA1","3","...","Per capita personal income (dollars) 2/",1913,2141,2371,2630,3033,3349,3568,3845,4149,4758,5123,5430,6297,6552,6960,7747,8126,8523,9209,9855,10605,11326,11970,12811,13363,14340,14739,15988,16724,16959,17363,18272,18817,19061,19921,20767,21187,21565,21777,23242,22922,22834,23448,24050,24188,24387,25399,26747
"45035","Dorchester, SC","5","CA1","1","...","Personal income (thousands of dollars)",99073,110037,125353,142407,166682,199719,231227,271376,311081,371453,436603,511865,585891,637125,705363,809130,882415,955645,1043434,1143795,1254778,1372313,1429681,1488667,1547488,1585641,1603803,1669769,1779476,1859485,2012872,2182483,2409111,2577198,2769412,3055068,3284959,3531949,3839933,4147745,4169750,4334932,4635219,4757868,4832835,5154344,5406901,5606624
"45035","Dorchester, SC","5","CA1","2","...","Population (persons) 1/",31394,32748,34932,36725,39814,41341,45270,47020,49833,53000,55474,59689,62072,64444,66480,68722,70960,72918,76160,78595,81230,83847,86346,87029,88525,88429,87077,87122,89916,91869,94966,96757,98683,101067,104119,107337,113235,120136,126324,130593,133560,137505,140072,142466,145310,148499,152536,153773
"45035","Dorchester, SC","5","CA1","3","...","Per capita personal income (dollars) 2/",3156,3360,3588,3878,4187,4831,5108,5772,6242,7009,7870,8576,9439,9886,10610,11774,12435,13106,13701,14553,15447,16367,16558,17105,17481,17931,18418,19166,19790,20241,21196,22556,24413,25500,26599,28462,29010,29400,30397,31761,31220,31526,33092,33397,33259,34710,35447,36460
"45037","Edgefield, SC","5","CA1","1","...","Personal income (thousands of dollars)",41664,42732,46227,52106,62905,63650,66679,81856,83160,93528,101777,113333,135610,139779,126522,158978,175120,183892,195804,215095,237623,250884,271310,293574,311142,338943,359061,349723,390772,414826,450341,482829,514154,535452,547165,618451,619825,621911,642007,685441,693066,717534,730200,769301,762748,799371,842320,867726
"45037","Edgefield, SC","5","CA1","2","...","Population (persons) 1/",15497,15626,15502,15431,16002,16267,16240,16301,16476,16770,16771,17557,17618,17745,17732,17557,17441,17655,17950,18323,18265,18519,19016,19506,20149,20850,21704,22268,22896,23627,24160,24586,24690,24962,25404,25819,26196,26135,26493,26774,27032,26958,26744,26342,26287,26450,26503,26358
"45037","Edgefield, SC","5","CA1","3","...","Per capita personal income (dollars) 2/",2689,2735,2982,3377,3931,3913,4106,5022,5047,5577,6069,6455,7697,7877,7135,9055,10041,10416,10908,11739,13010,13547,14267,15050,15442,16256,16544,15705,17067,17557,18640,19638,20824,21451,21539,23953,23661,23796,24233,25601,25639,26617,27303,29204,29016,30222,31782,32921
"45039","Fairfield, SC","5","CA1","1","...","Personal income (thousands of dollars)",42922,44570,46974,51748,58274,66063,82676,107876,112985,121280,134362,145413,158957,165986,170690,189120,200864,205630,225825,259147,274521,289775,294871,311110,322252,347564,363341,376149,403747,427532,455892,481978,536147,548138,528776,554436,575371,602991,615745,669468,666137,681916,696982,709174,716403,734360,775234,788342
"45039","Fairfield, SC","5","CA1","2","...","Population (persons) 1/",19896,20011,20161,19756,19957,19865,20053,20267,20469,20331,20649,20716,20713,20671,20797,21043,21336,21589,21719,22029,22233,22331,22619,22610,22508,22624,22748,22684,22833,22975,23169,23479,23614,23890,23904,24273,24132,24177,23917,24131,24084,23841,23584,23393,23183,23018,22880,22653
"45039","Fairfield, SC","5","CA1","3","...","Per capita personal income (dollars) 2/",2157,2227,2330,2619,2920,3326,4123,5323,5520,5965,6507,7019,7674,8030,8207,8987,9414,9525,10398,11764,12347,12976,13036,13760,14317,15363,15972,16582,17683,18609,19677,20528,22705,22944,22121,22842,23843,24941,25745,27743,27659,28603,29553,30316,30902,31904,33883,34801
"45041","Florence, SC","5","CA1","1","...","Personal income (thousands of dollars)",237002,258124,281749,319898,368748,440694,466654,517417,564558,648912,714984,798516,921103,963594,1027909,1144805,1219856,1286632,1370996,1490974,1645281,1771786,1883419,2015513,2141093,2254144,2361140,2517433,2628214,2779402,2865894,3057509,3162494,3274933,3394945,3605043,3712667,4000836,4243004,4450819,4363027,4442781,4656084,4774604,4819923,4994350,5223516,5307939
"45041","Florence, SC","5","CA1","2","...","Population (persons) 1/",88983,89851,92078,93043,96235,99501,101960,103202,105879,107619,109059,110521,111594,111406,111252,112603,113278,113136,113122,113304,113825,114690,116748,118319,119614,121040,122555,123275,124494,124888,125612,125767,126377,127343,128671,129855,130982,132489,133757,135032,136120,137068,137490,138030,138291,139005,138807,138742
"45041","Florence, SC","5","CA1","3","...","Per capita personal income (dollars) 2/",2663,2873,3060,3438,3832,4429,4577,5014,5332,6030,6556,7225,8254,8649,9239,10167,10769,11372,12120,13159,14454,15448,16132,17035,17900,18623,19266,20421,21111,22255,22815,24311,25024,25717,26385,27762,28345,30197,31722,32961,32053,32413,33865,34591,34853,35929,37632,38258
"45043","Georgetown, SC","5","CA1","1","...","Personal income (thousands of dollars)",76880,86399,99143,111148,124056,146593,165141,182160,198315,225994,256073,294946,326838,347321,431297,460877,457013,489576,527614,560084,640109,692819,733062,804376,853550,906551,965724,1043941,1097586,1181809,1254016,1376989,1407347,1478949,1530287,1671148,1789871,1946283,2035767,2143414,2067794,2088170,2197299,2245265,2234122,2355119,2533962,2590733
"45043","Georgetown, SC","5","CA1","2","...","Population (persons) 1/",32994,33546,34170,35358,36486,37345,38702,39488,40717,41626,42404,42591,42974,43053,44100,44404,44123,44591,45223,45647,46024,46654,47740,48703,49378,49973,50847,51724,52594,53920,55053,56080,56800,57688,58387,59176,59521,59821,60277,60621,60369,60135,60144,60232,60417,60729,61243,61399
"45043","Georgetown, SC","5","CA1","3","...","Per capita personal income (dollars) 2/",2330,2576,2901,3144,3400,3925,4267,4613,4871,5429,6039,6925,7605,8067,9780,10379,10358,10979,11667,12270,13908,14850,15355,16516,17286,18141,18993,20183,20869,21918,22778,24554,24777,25637,26209,28240,30071,32535,33774,35358,34253,34725,36534,37277,36978,38781,41376,42195
"45045","Greenville, SC","5","CA1","1","...","Personal income (thousands of dollars)",774869,848212,927190,1043957,1195278,1361317,1439247,1603902,1765578,1989756,2246450,2554376,2855092,3024532,3267192,3619994,3920135,4231673,4576903,5082221,5466132,5954926,6102357,6520167,6944375,7457492,8149877,8714416,9215313,10105071,10497949,11326396,11885201,12052492,12230898,12512571,13135165,14289131,15401747,16138158,15288231,15913386,17014659,18341108,18591809,20054720,21427856,22094260
"45045","Greenville, SC","5","CA1","2","...","Population (persons) 1/",235655,241738,247999,255538,259782,267229,269941,268404,275262,278162,283577,289194,293314,295615,297531,299823,302514,304710,307536,312337,316438,321857,325834,330074,335286,341207,347370,354570,361184,367948,374851,380949,385780,390197,394242,399319,405608,415957,427970,438742,446655,452803,459101,466431,473442,481657,490661,498766
"45045","Greenville, SC","5","CA1","3","...","Per capita personal income (dollars) 2/",3288,3509,3739,4085,4601,5094,5332,5976,6414,7153,7922,8833,9734,10231,10981,12074,12959,13888,14882,16272,17274,18502,18728,19754,20712,21856,23462,24577,25514,27463,28006,29732,30808,30888,31024,31335,32384,34352,35988,36783,34228,35144,37061,39322,39269,41637,43671,44298
"45047","Greenwood, SC","5","CA1","1","...","Personal income (thousands of dollars)",160365,169783,182505,199234,225242,252544,271342,308483,335957,370037,412902,472136,521620,542449,592979,647028,665793,712521,760927,818244,869822,925504,958491,1030383,1082929,1152117,1241013,1293164,1400840,1437093,1467037,1547750,1602755,1622968,1653363,1705317,1763796,1830320,1937314,2073109,2025685,2077688,2162801,2154394,2186532,2264975,2359938,2418057
"45047","Greenwood, SC","5","CA1","2","...","Population (persons) 1/",51590,49768,50802,51168,52527,53494,54153,55027,55998,56393,56929,56099,56878,57563,57559,57657,58275,58529,58742,59114,59715,59647,60406,61256,62114,62981,63715,64706,64990,65663,66054,66303,66544,66996,67288,67255,67630,68091,68198,68862,69598,69732,69805,69913,69807,69648,69902,70133
"45047","Greenwood, SC","5","CA1","3","...","Per capita personal income (dollars) 2/",3108,3411,3592,3894,4288,4721,5011,5606,5999,6562,7253,8416,9171,9424,10302,11222,11425,12174,12954,13842,14566,15516,15867,16821,17435,18293,19478,19985,21555,21886,22210,23344,24086,24225,24571,25356,26080,26880,28407,30105,29106,29795,30983,30815,31323,32520,33761,34478
"45049","Hampton, SC","5","CA1","1","...","Personal income (thousands of dollars)",39605,43279,46784,52347,63841,69464,69208,76448,83283,100190,111330,115504,130617,134274,145989,163621,166781,176553,186259,200080,214850,224346,230180,244589,262715,292345,303415,324875,348637,363749,380207,399402,414212,415965,425564,435189,445674,463448,491922,518533,534708,537839,555443,543893,526467,537435,550763,572227
"45049","Hampton, SC","5","CA1","2","...","Population (persons) 1/",16097,15855,15972,15921,16528,16984,17358,17037,17604,17893,18066,18227,18444,18419,18302,18172,18052,18331,18305,18197,18207,18261,18558,18948,19467,19763,20178,20442,20754,21038,21209,21344,21262,21186,21267,21072,21109,21104,21295,21212,21205,21051,20775,20725,20378,20400,20056,19922
"45049","Hampton, SC","5","CA1","3","...","Per capita personal income (dollars) 2/",2460,2730,2929,3288,3863,4090,3987,4487,4731,5599,6162,6337,7082,7290,7977,9004,9239,9631,10175,10995,11800,12286,12403,12908,13495,14793,15037,15893,16799,17290,17927,18713,19481,19634,20011,20652,21113,21960,23100,24445,25216,25549,26736,26243,25835,26345,27461,28723
"45051","Horry, SC","5","CA1","1","...","Personal income (thousands of dollars)",191660,212822,257526,297954,341310,388988,440820,486842,537639,633859,696066,790939,920649,1020205,1175905,1343727,1486971,1597137,1763324,1925566,2134740,2282135,2400843,2555801,2652317,2927407,3250597,3598524,3950292,4248245,4534019,4854896,4981860,5138560,5438079,5883195,6372233,7039489,7474808,7738585,7640089,7756764,8142275,8495538,8928142,9585313,10388463,10901662
"45051","Horry, SC","5","CA1","2","...","Population (persons) 1/",69187,70824,75344,78831,81948,85053,88051,93038,93639,97409,99379,102469,106333,109274,114747,120757,126528,130766,134935,137545,140577,145177,150181,154129,152082,157327,164138,171864,179069,186009,191833,198019,201982,206566,211725,219094,229899,242194,252464,260609,265640,270519,275426,281772,289310,298795,309871,322342
"45051","Horry, SC","5","CA1","3","...","Per capita personal income (dollars) 2/",2770,3005,3418,3780,4165,4573,5006,5233,5742,6507,7004,7719,8658,9336,10248,11128,11752,12214,13068,14000,15186,15720,15986,16582,17440,18607,19804,20938,22060,22839,23635,24517,24665,24876,25685,26852,27718,29065,29607,29694,28761,28674,29562,30150,30860,32080,33525,33820
"45053","Jasper, SC","5","CA1","1","...","Personal income (thousands of dollars)",25265,28552,32265,37513,44018,47643,54294,59443,65221,74003,83666,94527,106334,113837,120639,132206,143006,151624,157745,166811,177059,191149,201928,219866,239047,254073,267104,298168,311120,332805,349007,378273,381497,394341,415782,469450,499495,540211,538354,536284,545058,546925,571530,587911,624202,667801,717253,747895
"45053","Jasper, SC","5","CA1","2","...","Population (persons) 1/",11398,11803,11501,11563,12409,12597,12967,12974,13897,14291,14147,14426,14069,14386,14407,14675,14782,15002,15160,15327,15518,15532,15954,16228,16543,17088,17511,18201,19676,20040,20447,20721,21024,21102,21236,21456,21845,22406,22971,23620,24234,24922,25408,25952,26624,26998,27889,28465
"45053","Jasper, SC","5","CA1","3","...","Per capita personal income (dollars) 2/",2217,2419,2805,3244,3547,3782,4187,4582,4693,5178,5914,6553,7558,7913,8374,9009,9674,10107,10405,10883,11410,12307,12657,13549,14450,14869,15253,16382,15812,16607,17069,18256,18146,18687,19579,21880,22865,24110,23436,22705,22491,21945,22494,22654,23445,24735,25718,26274
"45055","Kershaw, SC","5","CA1","1","...","Personal income (thousands of dollars)",103311,113734,120585,133010,149464,170782,185954,205023,227099,260661,293350,319270,355164,373899,410103,455360,480289,513755,538559,599131,655591,702177,722493,765561,788420,838955,898009,986352,1039493,1119438,1182852,1283119,1313671,1361913,1468570,1579966,1645527,1772399,1885312,1962923,1941788,1959027,2026624,2119591,2172717,2246406,2403447,2462416
"45055","Kershaw, SC","5","CA1","2","...","Population (persons) 1/",34693,34787,35653,36092,37149,37247,38715,38820,39216,38344,38273,39188,39755,39846,39737,40650,41336,41711,42518,43480,44007,43638,44409,45333,46385,47001,47660,48726,49713,50774,51708,52851,53474,53714,54614,55415,56506,58060,59380,60395,61143,61682,62029,62206,62526,63100,63521,64097
"45055","Kershaw, SC","5","CA1","3","...","Per capita personal income (dollars) 2/",2978,3269,3382,3685,4023,4585,4803,5281,5791,6798,7665,8147,8934,9384,10320,11202,11619,12317,12667,13779,14897,16091,16269,16887,16997,17850,18842,20243,20910,22047,22876,24278,24567,25355,26890,28512,29121,30527,31750,32501,31758,31760,32672,34074,34749,35601,37837,38417
"45057","Lancaster, SC","5","CA1","1","...","Personal income (thousands of dollars)",124349,132678,142419,162940,181388,194878,205854,239275,268709,311118,353958,403878,455435,467710,498216,542654,567205,594685,634889,683236,744101,789388,809983,857646,893947,941887,982712,1040690,1086731,1151120,1215372,1284910,1373230,1414657,1471590,1570431,1664817,1782370,1957952,2157633,2161522,2312602,2491873,2647809,2803272,3024014,3446761,3668045
"45057","Lancaster, SC","5","CA1","2","...","Population (persons) 1/",42092,43424,44367,44810,45560,46395,46456,48038,47762,50626,52330,53529,54025,54088,53825,53877,54006,53922,54106,54199,54223,54696,55413,55525,56065,56558,57290,57909,58958,60255,61103,61571,62250,63282,64210,65079,65875,66992,69504,72733,75394,76956,77734,79184,80486,83232,86026,89594
"45057","Lancaster, SC","5","CA1","3","...","Per capita personal income (dollars) 2/",2954,3055,3210,3636,3981,4200,4431,4981,5626,6145,6764,7545,8430,8647,9256,10072,10503,11029,11734,12606,13723,14432,14617,15446,15945,16653,17153,17971,18432,19104,19891,20869,22060,22355,22918,24131,25272,26606,28170,29665,28670,30051,32056,33439,34829,36332,40067,40941
"45059","Laurens, SC","5","CA1","1","...","Personal income (thousands of dollars)",140358,147171,158499,177854,200724,217985,231194,263946,288729,324271,362342,403601,446149,464466,504443,548977,583835,628179,668029,716937,789184,844242,889113,947817,1002635,1072445,1142760,1189308,1275042,1343287,1365405,1434814,1510461,1453308,1464430,1569020,1641500,1667015,1812903,1806257,1783080,1814623,1894999,1895832,1920013,2015322,2088603,2136841
"45059","Laurens, SC","5","CA1","2","...","Population (persons) 1/",49590,49529,49188,49416,50148,50706,51021,50763,51392,51660,51593,52499,53468,53391,53511,53903,54551,55069,55684,56621,57430,58423,59261,60153,61111,62133,63479,64976,66517,67922,68783,69428,69407,68841,68468,67784,67629,67388,67172,67173,66897,66516,66415,66243,66159,66487,66545,66777
"45059","Laurens, SC","5","CA1","3","...","Per capita personal income (dollars) 2/",2830,2971,3222,3599,4003,4299,4531,5200,5618,6277,7023,7688,8344,8699,9427,10185,10703,11407,11997,12662,13742,14451,15003,15757,16407,17260,18002,18304,19169,19777,19851,20666,21762,21111,21389,23147,24272,24738,26989,26890,26654,27281,28533,28619,29021,30312,31386,32000
"45061","Lee, SC","5","CA1","1","...","Personal income (thousands of dollars)",30540,36258,40393,45344,53473,62603,59138,68227,72810,81102,89214,93110,110370,115968,113707,137736,145785,142590,153712,175549,185713,197851,213931,225829,236013,260806,266034,291937,305566,322438,329194,360332,375319,358343,368768,387125,401865,400256,412237,438158,439965,443952,452673,472416,483069,456625,470849,496808
"45061","Lee, SC","5","CA1","2","...","Population (persons) 1/",17996,18230,18222,17689,17882,18028,18336,18885,18772,18952,18930,18891,18680,18525,18565,18641,18666,18673,18647,18556,18476,18447,18606,18788,18680,19434,20163,20113,20358,20374,20162,20088,19957,19970,20005,20157,20079,20001,19836,19697,19352,19205,18917,18672,18413,18362,17865,17635
"45061","Lee, SC","5","CA1","3","...","Per capita personal income (dollars) 2/",1697,1989,2217,2563,2990,3473,3225,3613,3879,4279,4713,4929,5908,6260,6125,7389,7810,7636,8243,9460,10052,10725,11498,12020,12635,13420,13194,14515,15010,15826,16327,17938,18806,17944,18434,19205,20014,20012,20782,22245,22735,23116,23929,25301,26235,24868,26356,28172
"45063","Lexington, SC","5","CA1","1","...","Personal income (thousands of dollars)",298379,339246,385783,448336,526461,602473,655315,734901,827592,948459,1087193,1227805,1387478,1507956,1672047,1894413,2083004,2274527,2465057,2692918,2927640,3134570,3268156,3491639,3734268,3986077,4265539,4544102,4971178,5336460,5908595,6362975,6398137,6601738,6875422,7336324,7613219,8146795,8697284,9075544,8959178,9064438,9571120,10090035,10384594,11063212,11868215,12261518
"45063","Lexington, SC","5","CA1","2","...","Population (persons) 1/",84983,89793,93887,100766,108843,113994,119942,124769,129323,133920,137574,141159,143921,145414,147602,149545,151809,155241,158809,161374,164595,168907,173422,178028,183509,188582,193548,198215,203873,208910,213243,216873,220099,222761,226887,230832,235176,241219,246461,252747,258983,263369,266417,269949,273373,277439,281555,286196
"45063","Lexington, SC","5","CA1","3","...","Per capita personal income (dollars) 2/",3511,3778,4109,4449,4837,5285,5464,5890,6399,7082,7903,8698,9641,10370,11328,12668,13721,14652,15522,16687,17787,18558,18845,19613,20349,21137,22039,22925,24384,25544,27708,29340,29069,29636,30303,31782,32372,33773,35289,35908,34594,34417,35925,37378,37987,39876,42152,42843
"45065","McCormick, SC","5","CA1","1","...","Personal income (thousands of dollars)",16413,17807,18708,21672,24749,26547,30898,34796,36907,40135,44105,49128,52522,53910,57861,61639,63721,67698,69913,74804,83343,92033,96241,105677,110553,120284,128049,137589,147919,156792,164284,175786,183429,187700,191144,201958,217305,240309,254552,267602,270612,274545,293577,301868,301372,314856,328584,337182
"45065","McCormick, SC","5","CA1","2","...","Population (persons) 1/",8298,7920,7833,7904,8142,8129,7944,8227,8057,7970,7961,7722,7398,7413,7401,7500,7518,7461,7680,8237,8835,8876,8921,9031,9243,9307,9467,9673,9767,9832,9898,9957,10095,10110,10167,9982,10049,10166,10162,10224,10235,10225,10050,9944,9913,9829,9702,9643
"45065","McCormick, SC","5","CA1","3","...","Per capita personal income (dollars) 2/",1978,2248,2388,2742,3040,3266,3889,4229,4581,5036,5540,6362,7099,7272,7818,8219,8476,9074,9103,9081,9433,10369,10788,11702,11961,12924,13526,14224,15145,15947,16598,17655,18170,18566,18800,20232,21625,23639,25049,26174,26440,26850,29212,30357,30402,32033,33868,34967
"45067","Marion, SC","5","CA1","1","...","Personal income (thousands of dollars)",66948,72482,80493,90986,105970,120374,133676,141816,150905,173889,185714,204433,230263,245207,264807,287046,301885,307617,330763,354934,384437,404599,433097,462012,478825,508490,519763,541452,572628,584021,610639,644299,651826,660538,700662,717783,725254,744687,786969,814652,808393,821966,837615,836503,849588,878325,907495,930159
"45067","Marion, SC","5","CA1","2","...","Population (persons) 1/",29494,30384,31113,30964,32336,32711,33058,32617,33494,33769,34301,34226,34305,34284,34309,34309,34146,34182,34116,33916,34125,33926,34458,34728,35075,35392,35526,35423,35658,35430,35425,35463,35119,34786,34690,34577,34334,33994,33842,33724,33277,32957,32784,32425,32073,31921,31729,31726
"45067","Marion, SC","5","CA1","3","...","Per capita personal income (dollars) 2/",2270,2386,2587,2938,3277,3680,4044,4348,4505,5149,5414,5973,6712,7152,7718,8366,8841,8999,9695,10465,11266,11926,12569,13304,13651,14367,14630,15285,16059,16484,17238,18168,18560,18989,20198,20759,21123,21906,23254,24156,24293,24941,25550,25798,26489,27516,28601,29319
"45069","Marlboro, SC","5","CA1","1","...","Personal income (thousands of dollars)",58618,66110,73357,79212,94128,105522,102293,118500,127348,144611,163467,181217,202782,207992,210567,235653,241805,243944,267107,280898,303105,322156,355664,367634,379907,404257,408735,436756,459917,463659,474565,498615,525393,513667,535941,558316,583713,595295,595780,625038,618301,617254,638387,656780,684857,675050,685454,705288
"45069","Marlboro, SC","5","CA1","2","...","Population (persons) 1/",27095,27189,27849,28336,28841,29586,29780,29911,30323,30621,31346,31683,31778,31822,31447,31094,30697,30139,29922,29774,29413,29734,30044,30023,29945,29783,29690,29425,29158,29037,28906,28800,28606,28599,28485,28351,27918,29199,29221,29079,29189,28896,28477,28159,27958,27909,27541,26945
"45069","Marlboro, SC","5","CA1","3","...","Per capita personal income (dollars) 2/",2163,2431,2634,2795,3264,3567,3435,3962,4200,4723,5215,5720,6381,6536,6696,7579,7877,8094,8927,9434,10305,10835,11838,12245,12687,13573,13767,14843,15773,15968,16418,17313,18367,17961,18815,19693,20908,20388,20389,21494,21183,21361,22418,23324,24496,24188,24888,26175
"45071","Newberry, SC","5","CA1","1","...","Personal income (thousands of dollars)",80215,88487,94582,104273,120907,131665,143700,171507,183806,202171,230458,253002,280704,292354,311061,349015,364090,383100,391056,417476,442773,456534,480751,506900,528869,557045,591973,626428,663596,686841,712064,751665,799548,788877,835540,910101,932000,987668,1060762,1136871,1126259,1122999,1171468,1205458,1229609,1259440,1335848,1360088
"45071","Newberry, SC","5","CA1","2","...","Population (persons) 1/",28894,29306,29676,29840,29963,30267,30659,30841,31017,30867,31078,31374,31803,32069,32102,32394,32541,32684,33126,33088,33216,33233,33675,33854,34142,34150,34732,35149,35386,35786,35995,35958,36053,36244,36226,36312,36399,36746,37061,37192,37413,37581,37516,37561,37487,37725,37896,38079
"45071","Newberry, SC","5","CA1","3","...","Per capita personal income (dollars) 2/",2776,3019,3187,3494,4035,4350,4687,5561,5926,6550,7415,8064,8826,9116,9690,10774,11189,11721,11805,12617,13330,13737,14276,14973,15490,16312,17044,17822,18753,19193,19782,20904,22177,21766,23065,25063,25605,26878,28622,30568,30103,29882,31226,32093,32801,33385,35250,35718
"45073","Oconee, SC","5","CA1","1","...","Personal income (thousands of dollars)",113449,129212,141174,157259,173161,184527,194104,226226,250003,282842,324922,371129,413091,437657,489654,552999,614496,678439,731669,804185,878910,951571,977656,1023687,1085168,1150521,1230309,1299209,1374278,1461811,1511951,1628369,1687883,1727443,1786498,1907517,1963958,2082811,2204701,2405028,2324641,2366466,2549065,2589082,2618309,2752758,2888583,2967386
"45073","Oconee, SC","5","CA1","2","...","Population (persons) 1/",39992,40925,42274,43322,43945,44403,44878,45481,45763,46723,47578,48862,49708,50425,50623,51003,52176,53442,54580,55639,56781,57699,58258,58865,59806,60639,61707,62826,63735,64519,65513,66434,67170,68194,68900,69615,70581,71490,72407,73089,73829,74355,74233,74603,74954,75221,75744,76355
"45073","Oconee, SC","5","CA1","3","...","Per capita personal income (dollars) 2/",2837,3157,3339,3630,3940,4156,4325,4974,5463,6054,6829,7595,8310,8679,9673,10842,11777,12695,13405,14454,15479,16492,16781,17390,18145,18973,19938,20679,21562,22657,23079,24511,25129,25331,25929,27401,27826,29134,30449,32905,31487,31827,34339,34705,34932,36596,38136,38863
"45075","Orangeburg, SC","5","CA1","1","...","Personal income (thousands of dollars)",163143,177239,197378,225567,256825,291148,320363,353720,380251,429073,485447,536260,597993,626712,670315,750422,805402,849716,918877,988133,1070165,1131277,1177743,1270483,1327340,1405708,1461054,1532530,1622839,1700716,1756315,1841312,1946803,1994174,2034503,2108399,2171757,2262189,2361937,2434521,2456333,2470658,2543832,2559251,2574727,2638189,2719476,2775554
"45075","Orangeburg, SC","5","CA1","2","...","Population (persons) 1/",69786,69781,70650,71757,74215,76698,78199,79796,80902,81912,81410,82478,83015,82909,82744,82896,83775,84259,84686,84589,84814,85050,86693,87831,88855,89553,89511,89860,90540,91057,91313,91524,91536,91676,91788,91691,92197,91761,92626,92886,92755,92292,91713,91397,90598,89886,88869,87903
"45075","Orangeburg, SC","5","CA1","3","...","Per capita personal income (dollars) 2/",2338,2540,2794,3143,3461,3796,4097,4433,4700,5238,5963,6502,7203,7559,8101,9053,9614,10085,10850,11682,12618,13301,13585,14465,14938,15697,16323,17055,17924,18677,19234,20118,21268,21752,22165,22995,23556,24653,25500,26210,26482,26770,27737,28001,28419,29350,30601,31575
"45077","Pickens, SC","5","CA1","1","...","Personal income (thousands of dollars)",166826,185387,205304,236925,275900,307715,330828,378897,427126,477696,537859,616852,687917,724664,792145,877846,941442,1008125,1088691,1197510,1302168,1395669,1453188,1544752,1655986,1771653,1873663,1981990,2067315,2136581,2224626,2376390,2519196,2583585,2649216,2700671,2848361,3061896,3238538,3427378,3306721,3384313,3562945,3719029,3782616,3952387,4153103,4279897
"45077","Pickens, SC","5","CA1","2","...","Population (persons) 1/",58689,59260,61427,64577,67280,69857,71080,72128,74172,76671,78125,79713,81139,82920,83643,84222,85462,87242,88637,90538,92401,94470,97040,98838,99797,101070,102763,104485,106242,108663,109851,111062,111600,111806,112704,113554,114344,115570,116815,118330,119183,119216,119433,119634,119167,120451,121493,122863
"45077","Pickens, SC","5","CA1","3","...","Per capita personal income (dollars) 2/",2843,3128,3342,3669,4101,4405,4654,5253,5759,6230,6885,7738,8478,8739,9471,10423,11016,11556,12283,13227,14093,14774,14975,15629,16594,17529,18233,18969,19459,19662,20251,21397,22573,23108,23506,23783,24910,26494,27724,28965,27745,28388,29832,31087,31742,32813,34184,34835
"45079","Richland, SC","5","CA1","1","...","Personal income (thousands of dollars)",796798,888094,982524,1100849,1222871,1400267,1550525,1657289,1794497,1971943,2189847,2442008,2717215,2901255,3177419,3470373,3728858,4001767,4255562,4534072,4908799,5195713,5471676,5773134,5989874,6345656,6753139,7291671,7560568,8319842,8383965,8958987,9296051,9577397,9905749,10515663,11140602,12189337,12882894,13551050,13295348,13578225,14217426,14746444,15054812,15874472,16845491,17301307
"45079","Richland, SC","5","CA1","2","...","Population (persons) 1/",228855,235456,245452,245823,247093,258589,256775,255612,261536,263524,267657,270522,273316,273620,277126,279015,278114,281319,281418,282161,284032,287491,293101,296053,298614,300204,303364,307100,310504,314800,318034,321981,327446,331285,336273,345750,349003,357096,366111,373789,380245,385791,389475,393501,397488,401337,406842,409549
"45079","Richland, SC","5","CA1","3","...","Per capita personal income (dollars) 2/",3482,3772,4003,4478,4949,5415,6038,6484,6861,7483,8182,9027,9942,10603,11466,12438,13408,14225,15122,16069,17283,18073,18668,19500,20059,21138,22261,23744,24349,26429,26362,27825,28390,28910,29457,30414,31921,34135,35188,36253,34965,35196,36504,37475,37875,39554,41405,42245
"45081","Saluda, SC","5","CA1","1","...","Personal income (thousands of dollars)",37372,39290,42940,47238,55695,58570,61969,71849,77250,87191,98899,108517,119688,124169,131201,152618,161105,171204,179613,199782,217286,229482,248028,264190,277338,299915,320796,338096,375719,401749,397328,411640,437444,430067,456206,498394,519494,530104,544575,576301,583746,574114,574034,587977,604746,613451,652547,662316
"45081","Saluda, SC","5","CA1","2","...","Population (persons) 1/",14897,14536,14719,14767,14855,14870,14908,15924,15160,15318,15638,16124,16004,16212,16309,16486,16549,16298,16276,16201,16417,16474,16684,17042,17478,17791,18014,18193,18442,18769,19011,19191,19191,19180,19096,18904,19131,19310,19417,19503,19677,19899,19872,19977,20123,20098,20171,20197
"45081","Saluda, SC","5","CA1","3","...","Per capita personal income (dollars) 2/",2509,2703,2917,3199,3749,3939,4157,4512,5096,5692,6324,6730,7479,7659,8045,9257,9735,10505,11035,12331,13235,13930,14866,15502,15868,16858,17808,18584,20373,21405,20900,21450,22794,22423,23890,26364,27155,27452,28046,29549,29666,28851,28887,29433,30052,30523,32351,32793
"45083","Spartanburg, SC","5","CA1","1","...","Personal income (thousands of dollars)",515147,565763,621583,693805,792042,880771,956707,1071827,1162514,1315220,1475637,1668377,1855649,1945511,2114158,2362409,2511989,2675873,2890178,3170220,3420226,3674105,3820250,4038129,4317609,4559641,4852448,5123067,5395422,5631452,5944227,6355911,6491168,6704856,6796507,7280820,7652120,8283069,8843632,9323763,8838275,9062655,9616637,10329742,10062058,10959214,11528239,11873558
"45083","Spartanburg, SC","5","CA1","2","...","Population (persons) 1/",171467,174326,177982,183764,187100,189728,191765,190899,195534,197354,199543,203734,205912,207456,208734,211721,214981,215980,217970,220938,224609,227580,230786,233214,235243,238070,241114,244333,246830,249231,251886,254443,256469,258467,260223,261828,264481,268898,274215,279673,283335,284776,286110,288422,290722,293449,297088,301463
"45083","Spartanburg, SC","5","CA1","3","...","Per capita personal income (dollars) 2/",3004,3245,3492,3776,4233,4642,4989,5615,5945,6664,7395,8189,9012,9378,10128,11158,11685,12389,13260,14349,15227,16144,16553,17315,18354,19153,20125,20968,21859,22595,23599,24980,25310,25941,26118,27808,28933,30804,32251,33338,31194,31824,33612,35815,34611,37346,38804,39386
"45085","Sumter, SC","5","CA1","1","...","Personal income (thousands of dollars)",209992,236197,256823,288217,312778,347550,381855,418122,453860,512399,562185,617634,682762,741028,801293,904629,969907,1022362,1094479,1174214,1279572,1409771,1453413,1548713,1613063,1711105,1784775,1873185,1963107,2045817,2129165,2230336,2286247,2417360,2530224,2689264,2786675,2924885,3062049,3192899,3149174,3250020,3458443,3723556,3750583,3857894,3974305,4031174
"45085","Sumter, SC","5","CA1","2","...","Population (persons) 1/",79784,79727,81867,84259,83151,83313,85380,85241,86589,86824,87556,88736,90420,91845,92663,94657,96362,98084,99420,99777,101933,101271,102630,103179,105224,105542,105852,105938,105475,105468,104827,104802,104629,105380,105112,106099,106082,105953,106014,106463,107004,107575,107292,107943,107870,107821,107382,107396
"45085","Sumter, SC","5","CA1","3","...","Per capita personal income (dollars) 2/",2632,2963,3137,3421,3762,4172,4472,4905,5242,5902,6421,6960,7551,8068,8647,9557,10065,10423,11009,11768,12553,13921,14162,15010,15330,16213,16861,17682,18612,19398,20311,21281,21851,22939,24072,25347,26269,27605,28883,29991,29430,30212,32234,34496,34769,35781,37011,37536
"45087","Union, SC","5","CA1","1","...","Personal income (thousands of dollars)",78628,80337,86953,98254,111148,118178,129476,151453,160324,177048,189822,208877,231795,233664,248996,270460,292260,304657,322061,343362,367116,382684,399506,433932,455357,482792,495702,516812,547287,567284,590000,613386,635546,638552,648696,656315,687805,696188,713896,738784,740597,751090,767479,768238,774447,805384,839111,852649
"45087","Union, SC","5","CA1","2","...","Population (persons) 1/",30394,29272,29764,31112,30959,30923,30552,30500,31004,31191,31117,30851,31099,30969,30874,30843,30514,30495,30524,30395,30602,30308,30397,30411,30417,30440,30538,30311,30263,30157,29964,29971,29813,29699,29519,29279,29241,29248,29060,29172,29100,28905,28651,28221,28031,27940,27775,27673
"45087","Union, SC","5","CA1","3","...","Per capita personal income (dollars) 2/",2587,2744,2921,3158,3590,3822,4238,4966,5171,5676,6100,6771,7453,7545,8065,8769,9578,9990,10551,11297,11996,12627,13143,14269,14970,15860,16232,17050,18084,18811,19690,20466,21318,21501,21976,22416,23522,23803,24566,25325,25450,25985,26787,27222,27628,28825,30211,30812
"45089","Williamsburg, SC","5","CA1","1","...","Personal income (thousands of dollars)",64374,69868,75718,85937,97464,116763,128567,138592,147482,170070,184745,195862,227336,238264,264979,280965,296659,312592,333606,359039,387845,402658,423724,455647,470082,500024,506662,515937,534142,542785,559996,598971,646627,613818,636590,648263,685757,711157,739405,782428,797838,819428,872439,852794,859204,872146,897991,917913
"45089","Williamsburg, SC","5","CA1","2","...","Population (persons) 1/",34693,34219,34648,34940,35173,35134,36077,37360,37266,38026,38599,38213,38035,37736,37905,37778,37749,37285,37310,37364,37185,36769,37007,37100,37274,37608,37502,37538,37481,37371,37347,37145,36751,36333,35592,35561,35193,35458,35444,35090,34622,34340,34144,33628,33132,32790,32573,31955
"45089","Williamsburg, SC","5","CA1","3","...","Per capita personal income (dollars) 2/",1856,2042,2185,2460,2771,3323,3564,3710,3958,4472,4786,5126,5977,6314,6991,7437,7859,8384,8941,9609,10430,10951,11450,12282,12612,13296,13510,13744,14251,14524,14994,16125,17595,16894,17886,18230,19486,20056,20861,22298,23044,23862,25552,25360,25933,26598,27569,28725
"45091","York, SC","5","CA1","1","...","Personal income (thousands of dollars)",241429,263396,292515,328358,376829,420819,465266,534135,604160,698426,793306,895783,1010153,1100456,1217609,1384472,1494075,1621118,1764506,1952019,2131705,2305415,2379774,2522662,2667191,2882851,3112905,3335244,3536881,3762899,4012105,4367458,4547858,4853106,5141708,5516776,5973550,6590703,7120049,7743444,7396187,7478464,8041923,8652485,8765808,9379618,10049162,10486063
"45091","York, SC","5","CA1","2","...","Population (persons) 1/",83884,85857,89341,91174,91878,93122,94427,96902,97914,101113,104125,107344,109488,111121,112310,114594,117905,120583,123507,126138,129103,132348,135230,137204,139580,141818,145041,148644,152996,157252,161546,165620,169103,173021,177138,181839,188117,197892,208640,217463,223616,226923,230197,234385,239049,245051,251021,258526
"45091","York, SC","5","CA1","3","...","Per capita personal income (dollars) 2/",2878,3068,3274,3601,4101,4519,4927,5512,6170,6907,7619,8345,9226,9903,10842,12082,12672,13444,14287,15475,16512,17419,17598,18386,19109,20328,21462,22438,23117,23929,24836,26370,26894,28049,29027,30339,31754,33305,34126,35608,33075,32956,34935,36916,36670,38276,40033,40561
"Note: See the included footnote file."
"CA1: Personal Income Summary: Personal Income, Population, Per Capita Personal Income"
"Last updated: November 16, 2017-- new estimates for 2016; revised estimates for 2010-2015."
"Source: U.S. Department of Commerce / Bureau of Economic Analysis / Regional Income Division"
